{
    "base_unit": "deg",
    "units": {
        "deg": 1,
        "rad": 0.017453292519943295,
        "grad": 1.1111111111111112,
        "min": 60,
        "sec": 3600
    }
}