{
    "base_unit": "N",
    "units": {
        "N": 1,
        "kN": 1e3,
        "kgf": 9.80665,
        "gf": 9.80665e-3,
        "lbf": 4.44822,
        "ozf": 0.2780139
    }
}