{
    "base_unit": "m",
    "units": {
        "m": 1,
        "um": 1e-6,
        "nm": 1e-9,
        "cm": 1e-2,
        "mm": 1e-3,
        "km": 1e3,
        "in": 0.0254,
        "ft": 0.3047851265,
        "yd": 0.9140767824,
        "mile": 1609.344
    }
}