{
    "kg": 1,
    "g": 1e-3,
    "mg": 1e-6,
    "μg": 1e-9,
    "ng": 1e-12,
    "lb": 0.45359237,
    "oz": 0.0283495
}