{
    "W": 1,
    "nW": 1e-9,
    "μW": 1e-6,
    "mW": 1e-3,
    "kW": 1e3,
    "MW": 1e6,
    "GW": 1e9,
    "TW": 1e12,
    "hp": 0.00134048257372654155495978552279,
    "BTU/h": 0.293071,
    "kcal/h": 1.16222,
    "lb-ft/s": 1.35582,
    "RT": 3.51685e3,
    "VA": 1,
    "VAR": 1,
    "kVAR": 1e3,
    "MVAR": 1e6
}