{
    "°": 1,
    "rad": 57.2957795131,
    "gon": 0.9,
    "'": 0.0166666667,
    "\"": 0.0002777778
}