{
    "deg": 1,
    "rad": 57.2957795131,
    "grad": 0.9,
    "min": 0.0166666667,
    "sec": 0.0002777778
}