{
    "m^2": 1,
    "cm^2": 1e-4,
    "dm^2": 1e-2,
    "mm^2": 1e-6,
    "km^2": 1e6,
    "in^2": 0.00064516,
    "ft^2": 0.092903,
    "yd^2": 0.836127,
    "mile^2": 2589988,
    "acre": 4046.8564224,
    "ha": 1e4
}