{
    "m²": 1,
    "cm²": 1e-4,
    "dm²": 1e-2,
    "mm²": 1e-6,
    "km²": 1e6,
    "in²": 0.00064516,
    "ft²": 0.092903,
    "yd²": 0.836127,
    "mile²": 2589988,
    "acre": 4046.8564224,
    "ha": 1e4
}