{
    "J": 1,
    "nJ": 1e-9,
    "μJ": 1e-6,
    "mJ": 1e-3,
    "kJ": 1e3,
    "MJ": 1e6,
    "GJ": 1e9,
    "TJ": 1e12,
    "cal": 4.184,
    "kcal": 4184,
    "Wh": 3.6e3,
    "kWh": 3.6e6,
    "BTU": 1055.05585262,
    "eV": 1.602176565e-19,
    "lb*ft": 1.35582
}