{
    "Hz": 1,
    "kHz": 1e3,
    "MHz": 1e6,
    "GHz": 1e9,
    "rpm": 0.016666666666667,
    "rad/s": 0.15915494309,
    "°/s": 0.00277777778,
    "rps": 1
}