{
    "kg/s": 1,
    "g/s": 1e-3,
    "mg/s": 1e-6,
    "μg/s": 1e-9,
    "ng/s": 1e-12,
    "lb/s": 0.45359237,
    "oz/s": 0.0283495,
    "kg/min": 0.016666666666666666,
    "g/min": 0.000016666666666666667,
    "mg/min": 1.6666666666666667e-8,
    "lb/min": 0.007559872833333333,
    "oz/min": 0.00047249166666666665
}