{
    "m/s": 1,
    "km/h": 0.277777778,
    "mph": 0.44704,
    "kn": 0.514444,
    "mm/s": 0.001,
    "cm/s": 0.01,
    "μm/s": 1e-6,
    "km/s": 1000,
    "mi/s": 1609.344
}