{
    "m^3": 1,
    "cm^3": 1e-6,
    "dm^3": 1e-3,
    "mm^3": 1e-9,
    "km^3": 1e9,
    "l": 1e-3,
    "ml": 1e-6,
    "ft^3": 0.0283168,
    "in^3": 1.63871e-5,
    "yd^3": 0.764555,
    "gal (US)": 0.00378541,
    "gal (UK)": 0.00454609
}