{
    "m³": 1,
    "cm³": 1e-6,
    "dm³": 1e-3,
    "mm³": 1e-9,
    "km³": 1e9,
    "l": 1e-3,
    "ml": 1e-6,
    "ft³": 0.0283168,
    "in³": 1.63871e-5,
    "yd³": 0.764555,
    "gal (US)": 0.00378541,
    "gal (UK)": 0.00454609
}